city,longitude,latitude,nearest_hospital_min,knn4_neighbor_cities,knn4_spatial_lag_min,local_moran_i,lisa_quadrant_code,lisa_quadrant,lisa_p_sim_min_tail,lisa_fdr_q_value,lisa_significant_raw_05,lisa_significant_fdr_05
七台河市,131.0289623923445,45.9151873062201,77.3,鸡西市、牡丹江市、伊春市、延边朝鲜族自治州,61.15,0.0702229196076685,1,HH,0.0755,0.35651556253433225,False,False
万宁市,110.28741315384615,18.831740807692306,14.3,陵水黎族自治县、琼海市、琼中黎族苗族自治县、屯昌县,28.025,0.06891109262372101,3,LL,0.1701,0.3956687627360225,False,False
三亚市,109.41268348717946,18.382342384615388,18.7,保亭黎族苗族自治县、乐东黎族自治县、五指山市、陵水黎族自治县,55.5,-0.037045502856134456,2,LH,0.1369,0.3706666628519694,False,False
三明市,117.5627174881141,26.227349477020603,32.9,南平市、龙岩市、泉州市、莆田市,36.0,0.014257131540163465,3,LL,0.4042,0.4751696875601104,False,False
三沙市,113.72688529382303,10.46295352587646,1461.7,陵水黎族自治县、三亚市、万宁市、保亭黎族苗族自治县,31.25,-2.580711924820004,4,HL,0.2613,0.4411409334702925,False,False
上饶市,117.44012347067039,28.825813342178773,40.2,景德镇市、鹰潭市、衢州市、黄山市,19.475,0.01595490233959883,3,LL,0.0336,0.35651556253433225,True,False
东方市,108.86131643333334,18.984917300000003,70.8,昌江黎族自治县、乐东黎族自治县、白沙黎族自治县、五指山市,48.575,0.01268671510093378,1,HH,0.2521,0.4396470546722412,False,False
东莞市,113.96187176129034,22.89585003870968,26.6,深圳市、广州市、惠州市、中山市,15.9,0.07082218214552255,3,LL,0.0109,0.35651556253433225,True,False
东营市,118.4680349935275,37.52407144983818,9.3,滨州市、淄博市、潍坊市、济南市,34.675,0.04858274642323595,3,LL,0.3607,0.4662323289563041,False,False
中山市,113.39494950526316,22.503977421052628,5.9,珠海市、东莞市、佛山市、深圳市,19.474999999999998,0.13231646578581607,3,LL,0.0319,0.35651556253433225,True,False
临夏回族自治州,103.32600510169492,35.5970306779661,23.0,兰州市、海东市、定西市、黄南藏族自治州,67.69999999999999,-0.06661681525138528,2,LH,0.0428,0.35651556253433225,True,False
临汾市,111.34643015384616,36.21860470629371,47.0,运城市、晋城市、长治市、济源市,28.6,-0.004561011586156422,4,HL,0.1873,0.40801149992634067,False,False
临沂市,118.4020996660584,35.38361810948905,21.1,日照市、连云港市、潍坊市、徐州市,33.925000000000004,0.0348626020994983,3,LL,0.3379,0.4576107220990317,False,False
临沧市,99.67497785655738,24.033960922131147,104.8,保山市、普洱市、德宏傣族景颇族自治州、大理白族自治州,44.55,-0.002821187097375309,4,HL,0.3402,0.4576107220990317,False,False
临高县,109.72088604166667,19.805416958333335,55.2,澄迈县、儋州市、屯昌县、定安县,24.6,-0.027891547918735354,4,HL,0.1038,0.35651556253433225,False,False
丹东市,124.3867342358871,40.54043802419355,58.9,辽阳市、鞍山市、抚顺市、营口市,58.150000000000006,0.02473730846382492,1,HH,0.1046,0.35651556253433225,False,False
丽水市,119.60649921113244,28.233841249520154,87.3,温州市、金华市、衢州市、宁德市,14.85,-0.1699908954826813,4,HL,0.0071,0.35651556253433225,True,False
丽江市,100.43584121794872,26.954998788461534,29.1,攀枝花市、大理白族自治州、迪庆藏族自治州、凉山彝族自治州,36.975,0.016715102693548336,3,LL,0.4352,0.4784436355937611,False,False
乌海市,106.86410832608696,39.5232072173913,21.7,石嘴山市、银川市、吴忠市、榆林市,53.575,-0.026845078013076014,2,LH,0.165,0.3956687627360225,False,False
乌鲁木齐市,87.7974019489051,43.65044513868614,39.7,五家渠市、石河子市、铁门关市、巴音郭楞蒙古自治州,45.449999999999996,-0.0003796775165005801,2,LH,0.3262,0.4576107220990317,False,False
乐东黎族自治县,109.08508744999999,18.6767583,69.5,东方市、三亚市、五指山市、保亭黎族苗族自治县,48.225,0.010901299865095205,1,HH,0.2623,0.4411409334702925,False,False
乐山市,103.65072904743081,29.286656940711463,20.3,眉山市、自贡市、雅安市、宜宾市,31.275,0.044732660794323316,3,LL,0.2583,0.4411409334702925,False,False
九江市,115.38347782427536,29.295799148550724,39.0,黄石市、南昌市、咸宁市、宜春市,68.2,-0.018347527293561306,2,LH,0.0424,0.35651556253433225,True,False
云浮市,111.81374607908164,22.772170999999997,41.8,阳江市、肇庆市、江门市、佛山市,44.699999999999996,8.40567788156428e-05,3,LL,0.3463,0.4576107220990317,False,False
五家渠市,87.55231924242423,44.30232615151515,47.5,乌鲁木齐市、石河子市、铁门关市、巴音郭楞蒙古自治州,43.5,-0.00048611376923291395,4,HL,0.3782,0.4707238905825596,False,False
五指山市,109.52548663333336,18.825810900000004,60.5,保亭黎族苗族自治县、琼中黎族苗族自治县、白沙黎族自治县、陵水黎族自治县,41.7,-0.0066650730157018995,4,HL,0.4234,0.4751696875601104,False,False
亳州市,116.13606307096775,33.497326658064516,79.0,淮北市、阜阳市、商丘市、宿州市,30.924999999999997,-0.06358643570458222,4,HL,0.2525,0.4396470546722412,False,False
仙桃市,113.38280313294798,30.319376508670526,48.8,天门市、潜江市、荆州市、孝感市,26.400000000000002,-0.009619921337443016,4,HL,0.139,0.3706666628519694,False,False
伊春市,129.2469060245283,47.86935322830189,119.0,绥化市、黑河市、七台河市、鸡西市,57.125,0.12082137077331062,1,HH,0.1119,0.36002609263295715,False,False
佛山市,112.87393321884498,23.01827191793313,30.2,中山市、广州市、肇庆市、江门市,32.75,0.023839362304554454,3,LL,0.3023,0.45343137254901966,False,False
保亭黎族苗族自治县,109.64157759375,18.6320879375,42.9,五指山市、陵水黎族自治县、三亚市、琼中黎族苗族自治县,37.65,0.0019382615333482834,3,LL,0.4558,0.4853122268649314,False,False
保定市,115.21536929192547,39.03434844099379,24.8,石家庄市、廊坊市、沧州市、大同市,42.025,0.007719002619107063,3,LL,0.4187,0.4751696875601104,False,False
保山市,98.98649272796935,24.990249796934865,38.7,德宏傣族景颇族自治州、临沧市、大理白族自治州、丽江市,54.95,-0.0083146084441712,2,LH,0.1453,0.38400714525154656,False,False
信阳市,114.80080187335524,32.11353199671053,49.3,驻马店市、阜阳市、随州市、孝感市,45.075,0.00010087442339873397,1,HH,0.3342,0.4576107220990317,False,False
儋州市,109.41123023214286,19.52297626785714,23.5,白沙黎族自治县、临高县、昌江黎族自治县、澄迈县,39.1,0.01657042362409871,3,LL,0.4958,0.49748066643537103,False,False
克孜勒苏柯尔克孜自治州,75.97803959663867,39.589894896358544,10.6,昆玉市、可克达拉市、铁门关市、巴音郭楞蒙古自治州,64.075,-0.08774081238647169,2,LH,0.0584,0.35651556253433225,False,False
六安市,116.26017516826923,31.65527063461538,41.8,合肥市、淮南市、安庆市、黄冈市,39.375,0.002288554195940679,3,LL,0.4948,0.49748066643537103,False,False
兰州市,103.59391309152542,36.412625322033904,13.3,临夏回族自治州、海东市、武威市、定西市,52.150000000000006,-0.03055534788604123,2,LH,0.1892,0.40801149992634067,False,False
内江市,104.94870733476395,29.614310618025748,38.2,自贡市、资阳市、遂宁市、眉山市,30.0,0.013327517502610655,3,LL,0.2236,0.4354315792259417,False,False
凉山彝族自治州,102.00914563578276,27.882118856230026,55.3,攀枝花市、丽江市、昭通市、乐山市,46.0,0.0015215963602782814,1,HH,0.3125,0.45343137254901966,False,False
北海市,109.33122017032966,21.62949493956044,20.5,钦州市、湛江市、玉林市、防城港市,40.35,0.014823405577996386,3,LL,0.4706,0.4883999857869182,False,False
十堰市,110.48272060556467,32.45845545990179,95.5,襄阳市、安康市、南阳市、宜昌市,28.075,-0.11359533631084019,4,HL,0.1761,0.4009661555290222,False,False
南京市,118.85346726352941,31.952694482352936,5.9,镇江市、马鞍山市、常州市、滁州市,43.625,0.006650367226908785,3,LL,0.3767,0.4707238905825596,False,False
南充市,106.12305995588237,31.19127088970588,24.4,遂宁市、广安市、巴中市、广元市,36.675,0.022506980046068582,3,LL,0.4185,0.4751696875601104,False,False
南宁市,108.43285871266,23.10667916927454,36.9,钦州市、崇左市、来宾市、防城港市,59.2,-0.015265155590060826,2,LH,0.0937,0.35651556253433225,False,False
南平市,118.19924830874317,27.274191198087436,64.1,三明市、宁德市、鹰潭市、抚州市,41.8,-0.007947351651649264,4,HL,0.4214,0.4751696875601104,False,False
南昌市,115.94135705940596,28.654431138613862,2.6,九江市、宜春市、鹰潭市、抚州市,59.875,-0.08449923139396384,2,LH,0.0885,0.35651556253433225,False,False
南通市,120.84174279545455,32.31004145909091,19.6,泰州市、苏州市、无锡市、盐城市,14.674999999999999,0.10204347505933382,3,LL,0.0058,0.35651556253433225,True,False
南阳市,112.47105664660495,32.95212716049383,10.1,平顶山市、襄阳市、漯河市、随州市,41.925,0.0138277120006589,3,LL,0.4234,0.4751696875601104,False,False
厦门市,118.13305577358491,24.662800628930817,4.8,泉州市、漳州市、莆田市、龙岩市,28.0,0.09043669173102069,3,LL,0.1685,0.3956687627360225,False,False
可克达拉市,80.76855239393939,43.912531984848485,54.3,石河子市、铁门关市、五家渠市、乌鲁木齐市,26.099999999999998,-0.023573168919800748,4,HL,0.1309,0.3706666628519694,False,False
台州市,121.20827961538461,28.69253832082552,11.6,宁波市、温州市、绍兴市、金华市,23.575000000000003,0.09476268909478117,3,LL,0.0834,0.35651556253433225,False,False
合肥市,117.34527834852548,31.78435445844504,13.3,淮南市、马鞍山市、六安市、铜陵市,36.475,0.03553513886126853,3,LL,0.4111,0.4751696875601104,False,False
吉安市,114.82804952459014,26.908409934426228,34.8,萍乡市、株洲市、赣州市、宜春市,61.55,-0.0224382793322124,2,LH,0.0726,0.35651556253433225,False,False
吉林市,126.86249695516811,43.56991788916563,69.9,长春市、辽源市、白山市、通化市,45.050000000000004,0.000490102891078173,1,HH,0.3338,0.4576107220990317,False,False
吕梁市,111.28825473883163,37.64036492439863,56.2,太原市、晋中市、临汾市、忻州市,37.975,-0.010441779627335076,4,HL,0.4659,0.4883999857869182,False,False
吴忠市,106.44825678260868,37.422928552334945,101.0,银川市、庆阳市、石嘴山市、平凉市,43.025000000000006,-0.014055516783798513,4,HL,0.3865,0.4707238905825596,False,False
周口市,114.90257887645689,33.7532761002331,21.2,商丘市、漯河市、开封市、许昌市,32.6,0.0389062207877128,3,LL,0.2992,0.45343137254901966,False,False
呼和浩特市,111.44162403906249,40.624075609375,35.3,朔州市、忻州市、大同市、张家口市,39.775,0.0065699602934306805,3,LL,0.4862,0.4962593152605254,False,False
咸宁市,114.18639919263455,29.611243606232293,119.4,黄石市、鄂州市、仙桃市、岳阳市,39.575,-0.05295519858441761,4,HL,0.4856,0.4962593152605254,False,False
咸阳市,108.42296092857143,34.870636366666666,58.3,铜川市、西安市、渭南市、宝鸡市,19.975,-0.044555048225379736,4,HL,0.0364,0.35651556253433225,True,False
哈密市,93.21536257142857,43.237167925925924,76.4,乌鲁木齐市、五家渠市、嘉峪关市、石河子市,24.099999999999998,-0.08741741894072941,4,HL,0.095,0.35651556253433225,False,False
唐山市,118.23374848763252,39.65755262897527,12.8,秦皇岛市、廊坊市、承德市、沧州市,51.775000000000006,-0.029432644752467357,2,LH,0.1951,0.40918873229496916,False,False
商丘市,115.67495602716048,34.26834212345679,47.8,周口市、亳州市、菏泽市、开封市,44.675,-8.8136745939184e-05,4,HL,0.3454,0.4576107220990317,False,False
嘉兴市,120.78478697826087,30.70042802717391,7.8,苏州市、湖州市、绍兴市、无锡市,25.85,0.09431403490247703,3,LL,0.1228,0.3706666628519694,False,False
嘉峪关市,98.22076561224492,39.81661557142857,3.1,金昌市、西宁市、武威市、海东市,59.725,-0.08266392550274429,2,LH,0.0898,0.35651556253433225,False,False
大兴安岭地区,124.30968432947975,51.9572356083815,106.6,黑河市、齐齐哈尔市、伊春市、绥化市,68.7,0.19587894898922265,1,HH,0.0352,0.35651556253433225,True,False
大同市,113.7570504085603,39.91689099999999,56.1,朔州市、张家口市、保定市、忻州市,31.950000000000003,-0.019349705664505192,4,HL,0.2856,0.44998299441439044,False,False
大庆市,124.72840594617566,46.24052695184136,65.8,齐齐哈尔市、绥化市、长春市、吉林市,43.225,-0.004678300149440178,4,HL,0.3827,0.4707238905825596,False,False
大理白族自治州,100.0622003211009,25.692582015290522,28.0,保山市、丽江市、楚雄彝族自治州、临沧市,49.575,-0.010535773640101796,2,LH,0.235,0.4386012479194305,False,False
大连市,122.27702402134831,39.415374228089895,31.8,营口市、鞍山市、盘锦市、辽阳市,44.4,0.0008793820652237287,3,LL,0.3542,0.4618643243932514,False,False
天水市,105.73983403321033,34.63903054612546,10.9,平凉市、陇南市、定西市、宝鸡市,35.8,0.04129588357042621,3,LL,0.3928,0.4707238905825596,False,False
天门市,113.09790459722223,30.64112715277778,8.7,潜江市、仙桃市、荆门市、荆州市,35.949999999999996,0.043243230469095444,3,LL,0.3958,0.47240644501101586,False,False
太原市,112.41437289893618,37.995883175531915,30.3,晋中市、阳泉市、忻州市、吕梁市,36.7,0.015981615632739973,3,LL,0.4238,0.4751696875601104,False,False
威海市,121.98899974201474,37.11319016707616,17.2,烟台市、青岛市、大连市、潍坊市,33.3,0.042884641101842036,3,LL,0.3202,0.4573129147433779,False,False
娄底市,111.73516431592041,27.703682164179106,26.2,湘潭市、益阳市、邵阳市、衡阳市,31.4,0.03369351494437544,3,LL,0.267,0.4433385366834076,False,False
孝感市,113.90217007638888,31.146880997685187,40.2,武汉市、随州市、天门市、仙桃市,40.625,0.0026842697108472543,3,LL,0.459,0.48696773282943234,False,False
宁德市,119.62914934601227,26.869640002453988,20.1,福州市、温州市、南平市、丽水市,45.099999999999994,-0.0006517548917598602,2,LH,0.3362,0.4576107220990317,False,False
宁波市,121.63156497619046,29.52038485952381,34.0,舟山市、台州市、绍兴市、嘉兴市,20.925,0.03487898592209385,3,LL,0.0463,0.35651556253433225,True,False
安庆市,116.48106576160988,30.66744475851393,52.4,池州市、铜陵市、六安市、黄冈市,49.35,0.004447857503254051,1,HH,0.238,0.4396470546722412,False,False
安康市,108.91671086046513,32.836870169435215,26.9,西安市、十堰市、汉中市、巴中市,41.324999999999996,0.00859396635432954,3,LL,0.4377,0.4784436355937611,False,False
安阳市,114.29959337396694,35.887082454545464,39.1,鹤壁市、新乡市、邯郸市、濮阳市,23.275,0.016744620617668855,3,LL,0.0817,0.35651556253433225,False,False
安顺市,106.03470873404255,25.985867239361703,70.5,贵阳市、黔南布依族苗族自治州、毕节市、曲靖市,43.125,-0.00607201131524426,4,HL,0.3847,0.4707238905825596,False,False
定安县,110.32155157894738,19.48853897368421,30.8,屯昌县、琼海市、海口市、澄迈县,26.2,0.03519066730098209,3,LL,0.1316,0.3706666628519694,False,False
定西市,104.50024934261839,35.114648381615595,35.6,临夏回族自治州、天水市、兰州市、陇南市,30.324999999999996,0.01809366727452923,3,LL,0.2344,0.4386012479194305,False,False
宜宾市,104.5118404484127,28.594468773809524,31.5,自贡市、昭通市、泸州市、乐山市,49.325,-0.007907161706634497,2,LH,0.2395,0.4396470546722412,False,False
宜昌市,111.15114867052023,30.789032233140656,30.0,荆门市、襄阳市、荆州市、潜江市,35.075,0.01954089066420275,3,LL,0.3731,0.4707238905825596,False,False
宜春市,114.95783097586727,28.249191349924583,86.3,南昌市、九江市、萍乡市、吉安市,23.700000000000003,-0.11710329639863029,4,HL,0.0889,0.35651556253433225,False,False
宝鸡市,107.13469299636364,34.356837254545454,3.0,平凉市、咸阳市、天水市、汉中市,27.775000000000002,0.09575374134025683,3,LL,0.1649,0.3956687627360225,False,False
宿州市,117.11709102244897,33.90982483469388,33.8,淮北市、徐州市、蚌埠市、亳州市,44.900000000000006,4.503967588407544e-06,3,LL,0.3376,0.4576107220990317,False,False
宿迁市,118.51897451048951,33.89696452447553,15.6,淮安市、连云港市、徐州市、宿州市,25.974999999999998,0.07399815235135432,3,LL,0.1277,0.3706666628519694,False,False
屯昌县,110.07344916129031,19.36795564516129,7.2,定安县、澄迈县、琼海市、琼中黎族苗族自治县,30.875,0.07056281857152497,3,LL,0.2504,0.4396470546722412,False,False
山南市,92.12055772873563,28.566347087356323,35.0,拉萨市、昌都市、迪庆藏族自治州、德宏傣族景颇族自治州,68.97500000000001,-0.0318040577146335,2,LH,0.0356,0.35651556253433225,True,False
岳阳市,113.21620541308411,29.082623080373832,18.1,长沙市、咸宁市、荆州市、仙桃市,46.025,-0.004012026199635956,2,LH,0.3119,0.45343137254901966,False,False
崇左市,107.31269993626373,22.5356999010989,78.2,防城港市、南宁市、钦州市、百色市,56.125,0.049851221632306,1,HH,0.1225,0.3706666628519694,False,False
巴中市,107.0282827590909,31.97476504090909,48.2,达州市、南充市、汉中市、广元市,21.650000000000002,-0.010228121735051348,4,HL,0.0555,0.35651556253433225,False,False
巴音郭楞蒙古自治州,87.05738409530386,40.3695206339779,117.1,铁门关市、乌鲁木齐市、五家渠市、石河子市,26.099999999999998,-0.18111295767277302,4,HL,0.1346,0.3706666628519694,False,False
常州市,119.67387462310029,31.608312486322184,41.4,无锡市、镇江市、南京市、苏州市,15.275,0.013846838479664168,3,LL,0.0079,0.35651556253433225,True,False
常德市,111.3903432164179,29.263116679104478,37.8,张家界市、益阳市、荆州市、宜昌市,24.425,0.01940596413839579,3,LL,0.1021,0.35651556253433225,False,False
平凉市,106.52341474041297,35.3377000619469,30.5,天水市、宝鸡市、庆阳市、咸阳市,42.150000000000006,0.00529016627432122,3,LL,0.4142,0.4751696875601104,False,False
平顶山市,113.06515696231884,33.72955423478261,15.6,许昌市、漯河市、郑州市、南阳市,21.15,0.09286122929429332,3,LL,0.049,0.35651556253433225,True,False
广元市,105.70663631103679,32.2352927458194,35.9,绵阳市、南充市、巴中市、汉中市,25.9,0.022825212700374322,3,LL,0.1284,0.3706666628519694,False,False
广安市,106.7858128212928,30.389320361216733,18.7,南充市、达州市、遂宁市、资阳市,27.875,0.059527671771535264,3,LL,0.1707,0.3956687627360225,False,False
广州市,113.56800762464184,23.393112590257882,16.6,东莞市、佛山市、中山市、惠州市,24.450000000000003,0.07723132846540687,3,LL,0.1009,0.35651556253433225,False,False
庆阳市,107.39005741416894,36.22772136239782,96.4,平凉市、吴忠市、延安市、咸阳市,57.550000000000004,0.08689008993564672,1,HH,0.107,0.35651556253433225,False,False
廊坊市,116.70176852895753,39.35278537065637,37.2,沧州市、保定市、唐山市、张家口市,32.625,0.012618094603793354,3,LL,0.3042,0.45343137254901966,False,False
延安市,109.12395489777778,36.58079332,40.4,榆林市、铜川市、庆阳市、渭南市,57.8,-0.007748109044266823,2,LH,0.108,0.35651556253433225,False,False
延边朝鲜族自治州,129.3178464051282,43.204307523931625,55.5,牡丹江市、吉林市、白山市、通化市,47.225,0.0032827547495546967,1,HH,0.2825,0.4495698905760242,False,False
开封市,114.57567475806452,34.579742803225805,37.7,新乡市、周口市、许昌市、商丘市,29.075,0.015210571982721919,3,LL,0.2035,0.4205666797028647,False,False
张家口市,115.01125104390245,40.89442370487805,24.2,大同市、保定市、廊坊市、承德市,46.0,-0.0030298926581385447,2,LH,0.3116,0.45343137254901966,False,False
张家界市,110.5096635375,29.343453921875,28.4,常德市、湘西土家族苗族自治州、益阳市、宜昌市,48.599999999999994,-0.008139752266542006,2,LH,0.2515,0.4396470546722412,False,False
徐州市,117.56045962523191,34.3604639851577,37.7,宿州市、淮北市、宿迁市、济宁市,25.0,0.01912660193417635,3,LL,0.1113,0.36002609263295715,False,False
德宏傣族景颇族自治州,98.09797272727272,24.561021342245994,57.9,保山市、临沧市、大理白族自治州、普洱市,56.275,0.0197187599327274,1,HH,0.124,0.3706666628519694,False,False
德州市,116.63670587103175,37.23489231746032,75.6,济南市、聊城市、滨州市、沧州市,40.74999999999999,-0.017008423611293972,4,HL,0.4444,0.4784436355937611,False,False
德阳市,104.59673767111109,31.046805582222223,36.1,成都市、绵阳市、遂宁市、资阳市,23.674999999999997,0.024931312529856187,3,LL,0.0896,0.35651556253433225,False,False
忻州市,112.33671939498431,38.92344000940439,34.7,朔州市、太原市、阳泉市、大同市,36.625,0.011268333549166431,3,LL,0.4255,0.47526917600990237,False,False
怀化市,109.98263564693666,27.475391793354103,11.6,邵阳市、湘西土家族苗族自治州、娄底市、黔东南苗族侗族自治州,66.275,-0.09495782539204112,2,LH,0.0455,0.35651556253433225,True,False
惠州市,114.54290401338432,23.212516187380498,35.1,东莞市、深圳市、河源市、广州市,41.150000000000006,0.004908475041121923,3,LL,0.4402,0.4784436355937611,False,False
成都市,103.93829141263942,30.585495464684016,2.9,眉山市、德阳市、资阳市、内江市,32.975,0.06684245135094775,3,LL,0.3124,0.45343137254901966,False,False
扬州市,119.49019256603773,32.74946558113208,43.1,泰州市、淮安市、盐城市、镇江市,18.625,0.006321221414292323,3,LL,0.0263,0.35651556253433225,True,False
承德市,117.70004894701988,41.2751999183223,65.9,秦皇岛市、唐山市、葫芦岛市、张家口市,30.35,-0.04076736873448694,4,HL,0.2443,0.4396470546722412,False,False
抚州市,116.45703922999999,27.528557004000003,77.7,鹰潭市、南昌市、宜春市、上饶市,41.4,-0.015327851318342467,4,HL,0.4271,0.47526917600990237,False,False
抚顺市,124.67997867167381,41.87406195708155,76.7,通化市、辽源市、沈阳市、辽阳市,48.1,0.013562047303143102,1,HH,0.2604,0.4411409334702925,False,False
拉萨市,91.2658926460481,30.036346573883158,63.5,山南市、昌都市、迪庆藏族自治州、德宏傣族景颇族自治州,61.85000000000001,0.04204712127479349,1,HH,0.072,0.35651556253433225,False,False
揭阳市,116.16800642424245,23.342294927272725,33.9,汕头市、潮州市、汕尾市、梅州市,28.35,0.024299258683793633,3,LL,0.1864,0.40801149992634067,False,False
攀枝花市,101.78741008333334,26.79469138888889,34.8,凉山彝族自治州、丽江市、楚雄彝族自治州、昆明市,33.875,0.014864591623367021,3,LL,0.3428,0.4576107220990317,False,False
文山壮族苗族自治州,104.76645417771083,23.627899530120484,48.3,百色市、红河哈尼族彝族自治州、曲靖市、昆明市,39.3,-0.002539315486490092,4,HL,0.4939,0.49748066643537103,False,False
文昌市,110.70602623255814,19.730611488372094,37.9,海口市、定安县、琼海市、澄迈县,32.1,0.011961958566774027,3,LL,0.2913,0.45343137254901966,False,False
新乡市,114.12266224375,35.33913844375,23.6,鹤壁市、安阳市、焦作市、开封市,34.775000000000006,0.028785220299500865,3,LL,0.3696,0.4707238905825596,False,False
无锡市,120.07284666541355,31.555325879699243,20.2,常州市、苏州市、镇江市、湖州市,28.625,0.053648189420974324,3,LL,0.1907,0.40801149992634067,False,False
日照市,119.12990664615384,35.5414946,44.2,临沂市、潍坊市、连云港市、青岛市,23.325000000000003,0.002023927290764015,3,LL,0.0833,0.35651556253433225,False,False
昆明市,102.91154194662923,25.284231339887636,25.4,曲靖市、楚雄彝族自治州、玉溪市、红河哈尼族彝族自治州,36.0,0.023165581544149747,3,LL,0.4075,0.4751696875601104,False,False
昆玉市,79.44382139583333,37.31856308333334,73.8,克孜勒苏柯尔克孜自治州、铁门关市、巴音郭楞蒙古自治州、可克达拉市,48.275,0.012999810626820481,1,HH,0.2568,0.4411409334702925,False,False
昌江黎族自治县,109.00808114705883,19.212900882352944,11.8,东方市、白沙黎族自治县、儋州市、乐东黎族自治县,54.075,-0.04050722991496348,2,LH,0.1589,0.3956687627360225,False,False
昌都市,96.63112145955056,30.817678630337078,124.7,迪庆藏族自治州、山南市、拉萨市、丽江市,39.35,-0.059117998243552135,4,HL,0.4836,0.4962593152605254,False,False
昭通市,104.07555171186439,27.667426533898304,99.8,毕节市、宜宾市、泸州市、乐山市,43.975,-0.006797007860010169,4,HL,0.3562,0.4624351001622384,False,False
晋中市,112.75913597096772,37.24857137741935,39.9,长治市、太原市、阳泉市、吕梁市,34.725,0.006793611866773527,3,LL,0.369,0.4707238905825596,False,False
晋城市,112.78693377914111,35.58658095705522,59.7,焦作市、济源市、长治市、新乡市,26.125,-0.03707023070942599,4,HL,0.1359,0.3706666628519694,False,False
普洱市,100.80072059558823,23.173673593137256,53.6,西双版纳傣族自治州、临沧市、玉溪市、红河哈尼族彝族自治州,54.575,0.011222366447449644,1,HH,0.149,0.3903008952604986,False,False
景德镇市,117.30905845652173,29.283077065217395,9.7,上饶市、池州市、黄山市、鹰潭市,39.0,0.027724164960576315,3,LL,0.4934,0.49748066643537103,False,False
曲靖市,103.9157734231738,25.73996477329975,30.2,昆明市、毕节市、安顺市、昭通市,65.275,-0.03996156523856609,2,LH,0.0502,0.35651556253433225,False,False
朔州市,112.66057491891894,39.611071529729735,44.1,忻州市、大同市、呼和浩特市、太原市,39.1,0.0006217211016760492,3,LL,0.4996,0.49959999322891235,False,False
来宾市,109.40771034345352,23.89041879127135,48.1,贵港市、柳州市、南宁市、梧州市,59.175,0.006087279808766357,1,HH,0.0924,0.35651556253433225,False,False
杭州市,119.49096915315316,29.873004383783787,51.3,金华市、湖州市、绍兴市、衢州市,24.600000000000005,-0.01732755207983377,4,HL,0.1038,0.35651556253433225,False,False
柳州市,109.31786958850931,25.06961499068323,50.8,桂林市、来宾市、河池市、黔东南苗族侗族自治州,48.925,0.0031642323289296816,1,HH,0.246,0.4396470546722412,False,False
株洲市,113.50840693791575,27.148349503325942,76.8,萍乡市、衡阳市、湘潭市、长沙市,17.549999999999997,-0.11640119213308384,4,HL,0.0165,0.35651556253433225,True,False
桂林市,110.5651483035413,25.302671819561553,38.9,永州市、柳州市、邵阳市、梧州市,68.075,-0.018558230689088115,2,LH,0.0376,0.35651556253433225,True,False
梅州市,116.01950591329481,24.192104408477842,18.5,潮州市、揭阳市、河源市、汕头市,43.25,0.00582290868954083,3,LL,0.3868,0.4707238905825596,False,False
梧州市,110.9355589473684,23.623551676413257,59.6,贵港市、云浮市、肇庆市、玉林市,63.300000000000004,0.0360724865504185,1,HH,0.0619,0.35651556253433225,False,False
楚雄彝族自治州,101.62051696594429,25.298747693498456,25.7,昆明市、玉溪市、大理白族自治州、攀枝花市,37.949999999999996,0.01781341939736896,3,LL,0.4644,0.4883999857869182,False,False
榆林市,109.31465628846155,37.87961958041958,68.1,延安市、吕梁市、庆阳市、吴忠市,73.5,0.08850207553576844,1,HH,0.0218,0.35651556253433225,True,False
武威市,102.88087867721518,37.766425281645574,44.2,金昌市、兰州市、西宁市、海东市,52.0,-0.0006656642388107221,2,LH,0.1875,0.40801149992634067,False,False
武汉市,114.42395487914692,30.687333040284358,19.4,鄂州市、孝感市、黄冈市、黄石市,47.8,-0.009856821946967314,2,LH,0.2698,0.44367112318674723,False,False
毕节市,104.96500137181208,27.07382745503356,65.4,昭通市、安顺市、泸州市、宜宾市,65.125,0.05529873672514448,1,HH,0.0492,0.35651556253433225,True,False
永州市,111.67581379173048,25.837210171516077,111.5,桂林市、衡阳市、邵阳市、郴州市,33.075,-0.10509201970272707,4,HL,0.3227,0.4573129147433779,False,False
汉中市,106.94429373901097,33.0751519010989,11.4,巴中市、宝鸡市、广元市、陇南市,40.3,0.020574607330237863,3,LL,0.4719,0.4883999857869182,False,False
汕头市,116.66574310426543,23.38035262559242,3.2,潮州市、揭阳市、梅州市、汕尾市,36.025,0.04939549895863042,3,LL,0.4028,0.4751696875601104,False,False
汕尾市,115.71011560422164,22.606390094986804,71.2,揭阳市、汕头市、惠州市、深圳市,19.55,-0.08894839589064227,4,HL,0.0317,0.35651556253433225,True,False
江门市,112.61382413577586,22.153151002155177,29.3,阳江市、中山市、佛山市、珠海市,22.825000000000003,0.04595918260016945,3,LL,0.0731,0.35651556253433225,False,False
池州市,117.33658380936454,30.21079408695652,62.8,铜陵市、黄山市、安庆市、景德镇市,27.95,-0.04047896387714996,4,HL,0.1787,0.4037801527794991,False,False
沈阳市,123.16546365127388,42.07223448407643,43.4,辽阳市、抚顺市、鞍山市、锦州市,58.275,-0.002681441203670031,2,LH,0.1011,0.35651556253433225,False,False
沧州市,116.6460853741007,38.28102094604317,68.7,德州市、廊坊市、滨州市、保定市,49.599999999999994,0.014912168937084379,1,HH,0.2267,0.43858299302119835,False,False
河池市,107.8818109028728,24.678557222982217,16.8,柳州市、黔南布依族苗族自治州、来宾市、南宁市,49.375,-0.016766935756804983,2,LH,0.2356,0.4386012479194305,False,False
河源市,114.95440044543828,24.01067632021467,115.4,惠州市、梅州市、韶关市、揭阳市,32.55,-0.1161841233858485,4,HL,0.3065,0.45343137254901966,False,False
泉州市,118.33517147068966,25.099925208620693,29.6,厦门市、莆田市、漳州市、福州市,15.5,0.06003057512168249,3,LL,0.0084,0.35651556253433225,True,False
泰安市,116.98396457881773,36.00188117980296,34.1,济南市、济宁市、聊城市、淄博市,19.825000000000003,0.03614449311268274,3,LL,0.0332,0.35651556253433225,True,False
泰州市,120.06254999624059,32.64963739097744,14.2,扬州市、盐城市、南通市、镇江市,26.050000000000004,0.07722631641293748,3,LL,0.1312,0.3706666628519694,False,False
泸州市,105.65197769062502,28.503695606250005,58.7,宜宾市、遵义市、自贡市、内江市,35.175,-0.017906524143583416,4,HL,0.3827,0.4707238905825596,False,False
洛阳市,112.08921273825503,34.376898279642056,42.4,济源市、平顶山市、郑州市、运城市,15.875,0.009693667908079328,3,LL,0.0103,0.35651556253433225,True,False
济南市,117.2146562326454,36.58006519699813,16.9,泰安市、淄博市、德州市、滨州市,47.825,-0.01091646201208306,2,LH,0.265,0.4431638178852318,False,False
济宁市,116.79373534572491,35.285917524163565,25.0,泰安市、菏泽市、徐州市、濮阳市,33.45,0.03041184429297466,3,LL,0.3285,0.4576107220990317,False,False
济源市,112.41317905343512,35.11330334351145,3.7,晋城市、焦作市、洛阳市、郑州市,43.12499999999999,0.009774025261901702,3,LL,0.3914,0.4707238905825596,False,False
海东市,102.37774772807018,36.23834708333333,105.8,兰州市、临夏回族自治州、西宁市、黄南藏族自治州,52.375,0.06070614413012423,1,HH,0.1727,0.39627287461776145,False,False
海口市,110.4296129736842,19.80962455263158,27.2,文昌市、定安县、澄迈县、屯昌县,28.200000000000003,0.03944990227788134,3,LL,0.1808,0.4054303160219482,False,False
淄博市,118.07134978241758,36.59619877802198,20.8,济南市、潍坊市、滨州市、东营市,31.8,0.04213533475042717,3,LL,0.2759,0.44689564212508825,False,False
淮北市,116.78790529583333,33.7848948125,25.6,宿州市、亳州市、蚌埠市、徐州市,46.95,-0.005271539885934256,2,LH,0.2858,0.44998299441439044,False,False
淮南市,116.81129353125,32.464439723214284,32.2,蚌埠市、合肥市、六安市、阜阳市,27.224999999999998,0.029960174756154322,3,LL,0.1579,0.3956687627360225,False,False
淮安市,119.00470704268292,33.35587574390244,18.8,宿迁市、扬州市、盐城市、滁州市,35.6,0.032398025583798784,3,LL,0.3921,0.4707238905825596,False,False
深圳市,114.15345143627452,22.650672269607846,6.0,东莞市、惠州市、中山市、珠海市,20.674999999999997,0.12574895077745094,3,LL,0.0434,0.35651556253433225,True,False
清远市,112.8929671811594,24.281230333333333,78.6,肇庆市、韶关市、广州市、佛山市,42.175,-0.012264336786171845,4,HL,0.4093,0.4751696875601104,False,False
温州市,120.55960570855147,27.857087539267017,15.2,丽水市、台州市、宁德市、金华市,31.975,0.051231390791235794,3,LL,0.2813,0.4495698905760242,False,False
渭南市,109.81293829059828,34.95763362393162,25.6,铜川市、咸阳市、西安市、运城市,31.049999999999997,0.03567577042791463,3,LL,0.256,0.4411409334702925,False,False
湖州市,119.84194482758622,30.694883099616856,38.1,嘉兴市、杭州市、无锡市、常州市,30.174999999999997,0.013367511382623244,3,LL,0.2323,0.4386012479194305,False,False
湘潭市,112.5791626728972,27.751874744548292,20.7,长沙市、娄底市、益阳市、衡阳市,21.825,0.07451975061213997,3,LL,0.0569,0.35651556253433225,False,False
湘西土家族苗族自治州,109.71419765306122,28.63364172040816,96.6,张家界市、怀化市、常德市、益阳市,26.949999999999996,-0.12382420410093826,4,HL,0.1539,0.3956687627360225,False,False
湛江市,110.37570258931554,21.26899413188648,8.1,茂名市、北海市、玉林市、海口市,29.15,0.07734827335153162,3,LL,0.2046,0.4205666797028647,False,False
滁州市,118.25721907258064,32.59354295564516,68.3,南京市、蚌埠市、马鞍山市、淮安市,25.175,-0.06158088229009493,4,HL,0.1143,0.3637935410263718,False,False
滨州市,117.87545386538461,37.390633176923075,60.8,东营市、淄博市、济南市、德州市,30.649999999999995,-0.030229023606559532,4,HL,0.2475,0.4396470546722412,False,False
漯河市,113.89142347906977,33.652958688372095,21.2,许昌市、平顶山市、驻马店市、周口市,24.625,0.06412576791995181,3,LL,0.1019,0.35651556253433225,False,False
漳州市,117.47726159289616,24.422816625683062,32.1,厦门市、潮州市、泉州市、龙岩市,23.475,0.036601434995165015,3,LL,0.0828,0.35651556253433225,False,False
潍坊市,119.05430083365572,36.46760117601548,40.2,淄博市、日照市、青岛市、东营市,23.174999999999997,0.013633325945916522,3,LL,0.0782,0.35651556253433225,False,False
潜江市,112.79111620103093,30.386213077319585,47.4,天门市、荆州市、仙桃市、荆门市,26.275,-0.006205563132415273,4,HL,0.1383,0.3706666628519694,False,False
潮州市,116.76764277777778,23.791217072649573,20.5,汕头市、揭阳市、梅州市、漳州市,21.925,0.07480996738053153,3,LL,0.0582,0.35651556253433225,False,False
澄迈县,109.99210487804878,19.648103439024393,36.9,屯昌县、临高县、定安县、海口市,30.1,0.015805508695614156,3,LL,0.2307,0.4386012479194305,False,False
濮阳市,115.37571226573426,35.83781513636364,21.2,菏泽市、聊城市、安阳市、鹤壁市,29.5,0.048709430331279065,3,LL,0.2152,0.43321854468213017,False,False
烟台市,120.80478272051697,37.33462329402262,42.8,威海市、青岛市、潍坊市、东营市,21.275,0.006629455880297525,3,LL,0.0512,0.35651556253433225,False,False
焦作市,113.1310165879397,35.14795764824121,40.8,晋城市、济源市、郑州市、新乡市,29.150000000000006,0.008623284833016819,3,LL,0.2069,0.42236138047843147,False,False
牡丹江市,129.8234629249493,44.60452405070994,25.6,延边朝鲜族自治州、七台河市、鸡西市、吉林市,61.8,-0.04351478253754785,2,LH,0.0695,0.35651556253433225,False,False
玉林市,110.17401067818574,22.41322592440605,42.8,茂名市、贵港市、钦州市、北海市,45.9,-0.0002797226769435931,2,LH,0.3083,0.45343137254901966,False,False
玉溪市,102.20706630898876,24.194692705056173,63.6,红河哈尼族彝族自治州、楚雄彝族自治州、昆明市、普洱市,32.3,-0.03143756151910275,4,HL,0.2975,0.45343137254901966,False,False
珠海市,113.64161296742671,22.09490945276873,15.1,中山市、深圳市、东莞市、江门市,16.95,0.1111455708036577,3,LL,0.0141,0.35651556253433225,True,False
琼中黎族苗族自治县,109.83313870454545,19.06846690909091,22.3,屯昌县、五指山市、白沙黎族自治县、保亭黎族苗族自治县,40.775000000000006,0.012448394710359304,3,LL,0.4545,0.4853122268649314,False,False
琼海市,110.43082790322579,19.24453664516129,33.5,定安县、屯昌县、万宁市、文昌市,22.55,0.03400633327491424,3,LL,0.0667,0.35651556253433225,False,False
甘南藏族自治州,102.70699990602836,34.159327283687944,70.4,黄南藏族自治州、临夏回族自治州、定西市、海东市,70.125,0.08579653513239614,1,HH,0.03,0.35651556253433225,True,False
白山市,127.27605402467346,42.01506673439768,31.8,通化市、吉林市、辽源市、延边朝鲜族自治州,61.875,-0.02966925239129875,2,LH,0.0687,0.35651556253433225,False,False
白沙黎族自治县,109.37422015789473,19.216643710526313,52.5,儋州市、昌江黎族自治县、五指山市、琼中黎族苗族自治县,29.525,-0.015586311190433468,4,HL,0.2197,0.43321854468213017,False,False
百色市,106.19255657407406,24.027739173611113,77.1,文山壮族苗族自治州、河池市、崇左市、安顺市,53.45,0.03671377460735933,1,HH,0.1567,0.3956687627360225,False,False
益阳市,111.93062319780219,28.54209271428571,30.0,娄底市、常德市、湘潭市、长沙市,22.825,0.043897313457643715,3,LL,0.0708,0.35651556253433225,False,False
盐城市,120.14292581586403,33.26193563739377,15.4,泰州市、扬州市、淮安市、南通市,23.925,0.08257227096145975,3,LL,0.0899,0.35651556253433225,False,False
盘锦市,122.04251473461538,41.045058338461544,21.7,锦州市、鞍山市、营口市、辽阳市,58.75,-0.04286490367844274,2,LH,0.0948,0.35651556253433225,False,False
眉山市,103.74750805447471,29.9050683229572,29.3,乐山市、成都市、雅安市、自贡市,21.875,0.04793676858158791,3,LL,0.0563,0.35651556253433225,False,False
石嘴山市,106.45435994193546,39.009296361290325,13.3,乌海市、银川市、吴忠市、榆林市,55.675000000000004,-0.04541780184357021,2,LH,0.1303,0.3706666628519694,False,False
石家庄市,114.562295,38.08419819354839,6.1,阳泉市、保定市、邯郸市、沧州市,34.075,0.056055491293021294,3,LL,0.3457,0.4576107220990317,False,False
石河子市,86.05202025,44.3324318125,6.1,五家渠市、乌鲁木齐市、铁门关市、可克达拉市,38.15,0.03495969596755805,3,LL,0.467,0.4883999857869182,False,False
福州市,119.39477060493827,25.907157737997256,13.8,莆田市、宁德市、泉州市、三明市,23.474999999999998,0.0889176217861537,3,LL,0.081,0.35651556253433225,False,False
秦皇岛市,119.20568461038962,40.08998771428572,35.3,唐山市、葫芦岛市、承德市、廊坊市,41.25,0.004680214813417613,3,LL,0.4411,0.4784436355937611,False,False
红河哈尼族彝族自治州,103.12983802466368,23.506781957399106,24.5,玉溪市、文山壮族苗族自治州、昆明市、普洱市,47.724999999999994,-0.007681538215166325,2,LH,0.2681,0.4433385366834076,False,False
绍兴市,120.59716727297298,29.684706924324324,36.2,金华市、宁波市、杭州市、嘉兴市,25.5,0.022529073416744674,3,LL,0.1213,0.3706666628519694,False,False
绥化市,126.77955164430895,46.764421855691054,27.6,大庆市、齐齐哈尔市、伊春市、黑河市,78.25,-0.07698058365065212,2,LH,0.0178,0.35651556253433225,True,False
绵阳市,104.731389272,31.830991938666667,19.6,德阳市、广元市、南充市、成都市,24.825000000000003,0.06777922063426955,3,LL,0.1062,0.35651556253433225,False,False
聊城市,115.86055333846153,36.49494416,16.6,濮阳市、德州市、泰安市、邯郸市,39.425,0.02068525447327552,3,LL,0.495,0.49748066643537103,False,False
肇庆市,112.23226336507936,23.52999840362812,79.2,佛山市、云浮市、清远市、梧州市,52.55,0.0349902415427244,1,HH,0.1711,0.3956687627360225,False,False
自贡市,104.60948553694581,29.305997655172416,18.5,内江市、宜宾市、乐山市、资阳市,29.575,0.053993703280841285,3,LL,0.2185,0.43321854468213017,False,False
舟山市,122.26412244482367,30.169658473265073,28.1,宁波市、嘉兴市、绍兴市、台州市,22.4,0.05044656625054763,3,LL,0.0654,0.35651556253433225,False,False
苏州市,120.70108192830189,31.34800716226415,8.9,无锡市、嘉兴市、常州市、南通市,22.25,0.10880985068637025,3,LL,0.0609,0.35651556253433225,False,False
茂名市,110.91153714671815,21.99068452895753,26.1,玉林市、阳江市、湛江市、云浮市,33.199999999999996,0.029358193224908083,3,LL,0.3229,0.4573129147433779,False,False
荆州市,112.49217766921606,30.011692812619504,9.3,潜江市、天门市、仙桃市、荆门市,35.8,0.04323904549542833,3,LL,0.3978,0.47288674523073987,False,False
荆门市,112.58268267639902,30.9955416107056,38.3,天门市、潜江市、仙桃市、荆州市,28.55,0.01440605305060843,3,LL,0.1916,0.40801149992634067,False,False
莆田市,119.03204815803814,25.35913447138965,11.3,福州市、泉州市、厦门市、三明市,20.275,0.11041065044007485,3,LL,0.0375,0.35651556253433225,True,False
菏泽市,115.68459707246379,35.14833198550724,40.8,濮阳市、商丘市、济宁市、开封市,32.925,0.006556832952767834,3,LL,0.3145,0.4541073229254746,False,False
萍乡市,113.93054478205127,27.52580967948718,18.4,株洲市、吉安市、长沙市、宜春市,51.12499999999999,-0.022000138280542102,2,LH,0.1963,0.40918873229496916,False,False
营口市,122.42541657475084,40.41697022259136,78.6,鞍山市、盘锦市、辽阳市、大连市,32.7,-0.05486069461960532,4,HL,0.3097,0.45343137254901966,False,False
葫芦岛市,120.2291126124402,40.71134079186603,49.1,秦皇岛市、锦州市、盘锦市、营口市,53.675,0.004911723635382081,1,HH,0.1539,0.3956687627360225,False,False
蚌埠市,117.37618350545455,33.10234437454546,37.3,淮南市、宿州市、淮北市、滁州市,39.974999999999994,0.00499878100358913,3,LL,0.4766,0.4915456356487208,False,False
衡阳市,112.47920587366549,26.773589542704627,24.5,湘潭市、株洲市、郴州市、娄底市,35.55,0.025459521787008273,3,LL,0.3909,0.4707238905825596,False,False
衢州市,118.66368806852792,28.922036596446702,15.2,上饶市、丽水市、黄山市、金华市,38.225,0.026463817434613592,3,LL,0.4694,0.4883999857869182,False,False
襄阳市,111.82668457685352,31.926625936708867,45.3,荆门市、南阳市、十堰市、宜昌市,43.474999999999994,-7.562915097285901e-05,4,HL,0.3782,0.4707238905825596,False,False
西双版纳傣族自治州,100.95970421621622,21.8721688963964,25.4,普洱市、临沧市、红河哈尼族彝族自治州、玉溪市,61.625,-0.04351029445189463,2,LH,0.0716,0.35651556253433225,False,False
西宁市,101.38974525949368,36.887603936708864,57.1,海东市、武威市、金昌市、黄南藏族自治州,74.475,0.048120952495354995,1,HH,0.021,0.35651556253433225,True,False
西安市,108.83751184761904,34.11168057142857,10.2,咸阳市、铜川市、渭南市、安康市,37.974999999999994,0.03207602036841671,3,LL,0.4628,0.4883999857869182,False,False
许昌市,113.73850484488447,34.04770880858086,23.7,漯河市、郑州市、平顶山市、开封市,26.025,0.05340200840134708,3,LL,0.1296,0.3706666628519694,False,False
贵港市,109.93784141728396,23.27310674074074,89.4,来宾市、玉林市、梧州市、钦州市,49.525,0.027438413741630814,1,HH,0.221,0.43321854468213017,False,False
贵阳市,106.71306912944985,26.71754847249191,15.2,黔南布依族苗族自治州、安顺市、遵义市、毕节市,62.525000000000006,-0.06983250777593354,2,LH,0.0639,0.35651556253433225,False,False
资阳市,105.06564802362203,30.149007149606298,28.3,遂宁市、内江市、自贡市、德阳市,34.175000000000004,0.023763508811730314,3,LL,0.3499,0.45827611568754756,False,False
赣州市,115.25787307423117,25.64429593743372,64.7,吉安市、龙岩市、韶关市、梅州市,33.75,-0.029457392888345323,4,HL,0.3419,0.4576107220990317,False,False
辽源市,125.29948110211268,42.80353555633802,60.5,通化市、抚顺市、吉林市、长春市,58.62500000000001,0.028553451184343805,1,HH,0.0931,0.35651556253433225,False,False
辽阳市,123.18419983766233,41.20687152597403,26.9,鞍山市、沈阳市、盘锦市、营口市,48.525,-0.00869945361956064,2,LH,0.2476,0.4396470546722412,False,False
达州市,107.6190976138889,31.233194722222226,14.9,巴中市、广安市、南充市、广元市,31.8,0.05244932292172804,3,LL,0.2741,0.44689564212508825,False,False
运城市,111.2092435927835,35.26414205154639,14.6,临汾市、济源市、洛阳市、渭南市,29.675000000000004,0.061564841231028386,3,LL,0.2175,0.43321854468213017,False,False
连云港市,119.1085801323077,34.53001935076923,13.6,宿迁市、日照市、临沂市、淮安市,24.925,0.08343378508825718,3,LL,0.1084,0.35651556253433225,False,False
迪庆藏族自治州,99.3854746781915,27.992048321808507,29.8,丽江市、凉山彝族自治州、大理白族自治州、攀枝花市,36.8,0.0163273210503677,3,LL,0.4328,0.47801790486520795,False,False
通化市,125.96347021771773,41.96160631981982,61.6,抚顺市、辽源市、白山市、吉林市,59.72500000000001,0.033017603385585,1,HH,0.084,0.35651556253433225,False,False
遂宁市,105.46930529946526,30.54917490909091,43.9,资阳市、南充市、德阳市、内江市,31.75,0.001760139859303569,3,LL,0.2778,0.44689564212508825,False,False
遵义市,106.99086651847826,28.21233385326087,52.5,泸州市、贵阳市、黔南布依族苗族自治州、毕节市,50.25,0.0054193753643751045,1,HH,0.2086,0.4229150675747492,False,False
邯郸市,114.55321371129706,36.518491907949794,26.8,安阳市、鹤壁市、濮阳市、聊城市,24.6,0.049036011523522244,3,LL,0.1035,0.35651556253433225,False,False
邵阳市,110.96211542541435,26.895162928176795,50.4,怀化市、娄底市、永州市、衡阳市,43.45,-0.0010656210679022757,4,HL,0.374,0.4707238905825596,False,False
郑州市,113.39663603703704,34.585977626262626,29.6,焦作市、许昌市、平顶山市、新乡市,25.925,0.038746424430509276,3,LL,0.1289,0.3706666628519694,False,False
郴州市,113.11509450223548,25.849938561847985,18.5,衡阳市、永州市、韶关市、株洲市,63.875,-0.06682956944176244,2,LH,0.0542,0.35651556253433225,False,False
鄂州市,114.7314896375839,30.273281067114095,26.9,黄石市、武汉市、黄冈市、咸宁市,65.725,-0.050011512446076094,2,LH,0.0444,0.35651556253433225,True,False
金华市,119.9848145471698,29.13739613207547,8.9,绍兴市、杭州市、丽水市、台州市,46.599999999999994,-0.008151042906322402,2,LH,0.2928,0.45343137254901966,False,False
金昌市,102.013399832,38.367544888000005,31.8,武威市、西宁市、海东市、兰州市,55.1,-0.017825647330186316,2,LH,0.1334,0.3706666628519694,False,False
钦州市,109.067716215,22.180365064999997,47.6,北海市、防城港市、玉林市、南宁市,40.775,-0.0014853229948852589,4,HL,0.4475,0.4799275260040725,False,False
铁门关市,85.67699904,41.80638284,11.1,巴音郭楞蒙古自治州、乌鲁木齐市、石河子市、五家渠市,52.6,-0.03471182902645588,2,LH,0.17,0.3956687627360225,False,False
铜川市,109.07390292436975,35.18378897478992,41.1,咸阳市、渭南市、西安市、延安市,33.62499999999999,0.005722254100751931,3,LL,0.3348,0.4576107220990317,False,False
铜陵市,117.53054787755102,30.845991780612252,33.2,池州市、安庆市、合肥市、黄山市,36.25,0.01351045516412259,3,LL,0.4161,0.4751696875601104,False,False
银川市,106.30240939484979,38.295213163090125,31.9,石嘴山市、吴忠市、乌海市、庆阳市,58.10000000000001,-0.022893981723301603,2,LH,0.0985,0.35651556253433225,False,False
锦州市,121.58426782379864,41.47829705263158,79.1,盘锦市、鞍山市、辽阳市、营口市,44.4,-0.0022950545517117812,4,HL,0.3429,0.4576107220990317,False,False
镇江市,119.40788105306123,31.957167600000002,26.1,常州市、南京市、无锡市、扬州市,27.650000000000002,0.04328089748572012,3,LL,0.1659,0.3956687627360225,False,False
长春市,125.59509727196652,44.21634866422594,26.3,吉林市、辽源市、大庆市、通化市,64.45,-0.04851384288351543,2,LH,0.0512,0.35651556253433225,False,False
长沙市,113.06222056448598,28.19319734953271,6.6,湘潭市、岳阳市、萍乡市、益阳市,21.799999999999997,0.11806058285811867,3,LL,0.0546,0.35651556253433225,False,False
长治市,112.97204255299539,36.50755592626728,36.4,晋中市、晋城市、安阳市、邯郸市,41.375,0.004002306546674015,3,LL,0.4311,0.4779236075583469,False,False
阜阳市,115.64725708521304,32.89238832330827,16.5,亳州市、信阳市、周口市、淮南市,45.425,-0.001977899128107591,2,LH,0.3194,0.4573129147433779,False,False
防城港市,107.99841898393575,21.89145781124498,62.9,崇左市、钦州市、北海市、南宁市,45.8,0.002153646825909764,1,HH,0.3054,0.45343137254901966,False,False
阳江市,111.84090943413173,22.05012839820359,40.1,云浮市、江门市、茂名市、佛山市,31.85,0.008364316769454642,3,LL,0.2778,0.44689564212508825,False,False
阳泉市,113.49234914876034,38.09206008264462,16.0,石家庄市、太原市、晋中市、忻州市,27.75,0.06614350102759142,3,LL,0.1666,0.3956687627360225,False,False
陇南市,105.3125374918919,33.64370366486486,74.1,天水市、广元市、汉中市、定西市,23.450000000000003,-0.08356588423369725,4,HL,0.0827,0.35651556253433225,False,False
陵水黎族自治县,109.92389860714286,18.60101960714286,49.1,保亭黎族苗族自治县、万宁市、五指山市、琼中黎族苗族自治县,35.0,-0.0055450550712095184,4,HL,0.3789,0.4707238905825596,False,False
随州市,113.52070944662921,31.851534483146065,85.6,孝感市、信阳市、驻马店市、荆门市,41.45,-0.018748484730250176,4,HL,0.4205,0.4751696875601104,False,False
雅安市,102.68290490557942,29.826369326180256,45.8,眉山市、乐山市、成都市、自贡市,17.75,-0.0032493299607449675,4,HL,0.02,0.35651556253433225,True,False
青岛市,120.21751083969465,36.32147515267176,18.4,潍坊市、烟台市、日照市、威海市,36.1,0.031126546298316037,3,LL,0.4113,0.4751696875601104,False,False
鞍山市,122.90797929175052,40.83015923541247,50.4,辽阳市、营口市、盘锦市、丹东市,46.525,0.001189501684956707,1,HH,0.2914,0.45343137254901966,False,False
韶关市,113.8901069869376,24.75402019303338,42.7,清远市、河源市、郴州市、广州市,57.275,-0.0036363318511583656,2,LH,0.1062,0.35651556253433225,False,False
马鞍山市,118.38765264566929,31.63483166929134,38.7,南京市、合肥市、镇江市、滁州市,28.4,0.013657497154891531,3,LL,0.1865,0.40801149992634067,False,False
驻马店市,114.19000772392639,32.85220952351738,38.0,漯河市、信阳市、周口市、随州市,44.325,0.0005323548990468586,3,LL,0.349,0.45827611568754756,False,False
鸡西市,132.29199795522388,45.69664249004974,44.5,七台河市、牡丹江市、伊春市、延边朝鲜族自治州,69.35000000000001,-0.0013145469975599637,2,LH,0.0311,0.35651556253433225,True,False
鹤壁市,114.29001641666667,35.75330041111111,21.5,安阳市、新乡市、邯郸市、濮阳市,27.675,0.05379113432928403,3,LL,0.1659,0.3956687627360225,False,False
鹰潭市,117.10251343575419,28.19675215083799,36.5,上饶市、抚州市、景德镇市、南昌市,32.55,0.013848822792703398,3,LL,0.3028,0.45343137254901966,False,False
黄冈市,115.2295855274102,30.874923128544424,59.6,武汉市、鄂州市、黄石市、安庆市,40.8,-0.00804518132687234,4,HL,0.4445,0.4784436355937611,False,False
黄南藏族自治州,101.67965396083552,35.12923389817232,116.1,海东市、甘南藏族自治州、临夏回族自治州、西宁市,64.075,0.18210861089811792,1,HH,0.0498,0.35651556253433225,True,False
黄山市,118.09722742241378,29.959041689655173,16.5,池州市、景德镇市、铜陵市、衢州市,30.225,0.05562057179216263,3,LL,0.2331,0.4386012479194305,False,False
黄石市,114.94604087866108,29.924480087866108,64.5,鄂州市、咸宁市、九江市、武汉市,51.175000000000004,0.016398135447273848,1,HH,0.1939,0.40918873229496916,False,False
黑河市,126.87094383523655,49.22522691353997,79.1,伊春市、齐齐哈尔市、绥化市、大兴安岭地区,75.575,0.13993667407344387,1,HH,0.0201,0.35651556253433225,True,False
黔东南苗族侗族自治州,108.6058175441501,26.481526754966886,91.9,黔南布依族苗族自治州、柳州市、怀化市、贵阳市,34.825,-0.0631900057919091,4,HL,0.3766,0.4707238905825596,False,False
黔南布依族苗族自治州,107.28198493809523,26.116741054761906,61.7,贵阳市、安顺市、黔东南苗族侗族自治州、河池市,48.6,0.00828472113943381,1,HH,0.2446,0.4396470546722412,False,False
齐齐哈尔市,124.38595543400001,47.592528748,49.1,大庆市、绥化市、黑河市、伊春市,72.875,0.01566246800842405,1,HH,0.0241,0.35651556253433225,True,False
龙岩市,116.73697296047432,25.26167262450593,39.0,漳州市、三明市、梅州市、赣州市,37.05,0.006184664393898297,3,LL,0.4421,0.4784436355937611,False,False
